{
  "batch_s": 3.0932640005173986,
  "hidden_d": 4.253606741220629,
  "seq_l": 2.149923799870643
}