dataset,rsme,mape
parking,8.98576831817627,19.393781661987305
