dataset,rsme,mape
parking,2.3912816047668457,37.572635650634766
