dataset,rsme,mape
parking,2.439673662185669,37.66890335083008
