dataset,rsme,mape
parking,14.926985740661621,24.002099990844727
