dataset,rsme,mape
parking,2.569444417953491,48.03510284423828
