dataset,rsme,mape
parking,2.61846923828125,48.86598205566406
